Lead SC,Request Date,Opp Closed Date,Quarter,Days to Close,Module,Category,ARR,Opps Won,Lead SC ,ACV,Win Rate,Average Days to Close,Arr Influence
Yes,8/7/25,8/31/25,Q3 '25,24,OneWorld,Accounting,"14,347.74",642,92%,"$27,284 ",49%,38,"17,516,348"
Yes,8/29/25,8/30/25,Q3 '25,1,Renewal,Retention,"83,903.71",,,,,,
Team,8/4/25,8/29/25,Q3 '25,25,Payments,Accounting,"3,952.08",,,,,,
Yes,8/18/25,8/28/25,Q3 '25,10,Integration ,Infrastructure ,"42,218.88",,,,,,
Yes,7/1/25,8/27/25,Q3 '25,57,OneWorld,Accounting,"7,306.79",,,,,,
Yes,8/12/25,8/27/25,Q3 '25,15,New Instance,Platform,"37,377.79",,,,,,
Yes,8/12/25,8/27/25,Q3 '25,15,Integration ,Infrastructure ,"52,000.03",,,,,,
Yes,8/12/25,8/27/25,Q3 '25,15,Payroll,Accounting,"24,046.00",,,,,,
Yes,6/27/25,8/19/25,Q3 '25,53,Renewal,Retention,"68,360.07",,,,,,
Yes,8/13/25,8/15/25,Q3 '25,2,CRM,Platform,"4,752.00",,,,,,
Yes,8/6/25,8/8/25,Q3 '25,2,CRM,Platform,"7,188.00",,,,,,
Yes,7/23/25,7/23/25,Q3 '25,0,CRM,Platform,"6,342.73",,,,,,
Yes,6/18/25,6/30/25,Q2 '25,12,CRM,Platform,"15,840.00",,,,,,
Yes,2/4/25,6/26/25,Q2 '25,142,Database,Infrastructure ,"53,989.20",,,,,,
Team,12/19/24,5/30/25,Q2 '25,162,New Instance,Platform,"135,233.76",,,,,,
Yes,4/18/25,5/30/25,Q2 '25,42,Renewal ,Retention,"256,380.86",,,,,,
Yes,3/24/25,5/30/25,Q2 '25,67,Analytics Warehouse,Analytics,"17,256.00",,,,,,
Yes,4/3/25,5/30/25,Q2 '25,57,Renewal ,Retention,"35,300.65",,,,,,
Yes,4/25/25,5/30/25,Q2 '25,35,Analytics Warehouse,Analytics,"7,201.20",,,,,,
Yes,5/22/25,5/30/25,Q2 '25,8,Consulting Services,Support,"21,500.03",,,,,,
Yes,2/7/25,5/29/25,Q2 '25,111,Renewal ,Retention,"38,095.71",,,,,,
Yes,5/27/25,5/28/25,Q2 '25,1,Renewal ,Retention,"2,313.39",,,,,,
Yes,1/15/25,5/28/25,Q2 '25,133,Analytics Warehouse,Analytics,"18,126.13",,,,,,
Yes,5/21/25,5/27/25,Q2 '25,6,Analytics Warehouse,Analytics,"6,724.80",,,,,,
Yes,4/25/25,5/23/25,Q2 '25,28,Analytics Warehouse,Analytics,"19,088.28",,,,,,
Yes,5/19/25,5/20/25,Q2 '25,1,CRM,Platform,"23,760.00",,,,,,
Yes,4/29/25,5/16/25,Q2 '25,17,Database,Infrastructure,"59,988.00",,,,,,
Yes,5/6/25,5/16/25,Q2 '25,10,Renewal ,Retention,"11,900.31",,,,,,
Yes,5/15/25,5/16/25,Q2 '25,1,Consulting Services,Support,"52,000.03",,,,,,
Yes,5/12/25,5/13/25,Q2 '25,1,OneWorld,Accounting,"23,748.12",,,,,,
Team,4/30/25,4/30/25,Q2 '25,0,Analytics Warehouse,Analytics,"48,989.00",,,,,,
Yes,4/15/25,4/29/25,Q2 '25,14,CRM,Platform,"6,367.68",,,,,,
Yes,3/17/25,4/28/25,Q2 '25,42,Analytics Warehouse,Analytics,"21,818.50",,,,,,
Yes,3/10/25,4/25/25,Q2 '25,46,Database,Infrastructure ,"70,395.46",,,,,,
Yes,4/24/25,4/25/25,Q2 '25,1,Renewal ,Retention,"153,260.16",,,,,,
Yes,4/25/25,4/25/25,Q2 '25,0,Consulting Services,Support,"47,255.03",,,,,,
Yes,4/10/25,4/25/25,Q2 '25,15,Renewal ,Subscription Upgrade,"27,445.97",,,,,,
Yes,4/8/25,4/23/25,Q2 '25,15,Integration ,Infrastructure ,"7,681.70",,,,,,
Yes,4/22/25,4/22/25,Q2 '25,0,CRM,Platform,"15,154.28",,,,,,
Team,3/14/25,4/22/25,Q2 '25,39,Manufacturing,Platform,"19,786.80",,,,,,
Yes,4/22/25,4/22/25,Q2 '25,0,CRM,Platform,"31,740.19",,,,,,
Yes,4/16/25,4/16/25,Q2 '25,0,Consulting Services,Support,"51,099.97",,,,,,
Yes,12/18/24,4/7/25,Q2 '25,110,Analytics Warehouse,Analytics,"26,991.00",,,,,,
Yes,2/28/25,3/31/25,Q1 '25,31,Renewal ,Retention,"121,340.92",,,,,,
Yes,3/31/25,3/31/25,Q1 '25,0,Payments,Accounting,"5,598.78",,,,,,
Yes,12/11/24,3/31/25,Q1 '25,110,Renewal ,Retention,"42,816.95",,,,,,
Yes,3/19/25,3/31/25,Q1 '25,12,Analytics Warehouse,Analytics,"5,093.42",,,,,,
Yes,3/11/25,3/26/25,Q1 '25,15,Integration ,Infrastructure ,"8,179.91",,,,,,
Yes,3/17/25,3/25/25,Q1 '25,8,Analytics Warehouse,Analytics,"21,818.50",,,,,,
Yes,3/13/25,3/25/25,Q1 '25,12,Analytics Warehouse,Analytics,"25,671.33",,,,,,
Team,2/12/25,3/24/25,Q1 '25,40,Renewal ,Retention,"9,987.66",,,,,,
Yes,3/5/25,3/12/25,Q1 '25,7,Financials,Accounting,"3,618.94",,,,,,
Yes,3/11/25,3/12/25,Q1 '25,1,CRM,Platform,"15,241.00",,,,,,
Yes,1/31/25,3/12/25,Q1 '25,40,Renewal ,Subscription Upgrade,"30,111.45",,,,,,
Yes,1/24/25,3/11/25,Q1 '25,46,CRM,Platform,"1,140.76",,,,,,
Yes,2/28/25,3/6/25,Q1 '25,6,Analytics Warehouse,Analytics,"19,931.82",,,,,,
Yes,1/27/25,3/4/25,Q1 '25,36,Consulting Services,Support,"129,500.03",,,,,,
Yes,2/7/25,3/3/25,Q1 '25,24,Financials,Accounting,"6,325.44",,,,,,
Yes,1/31/25,2/28/25,Q1 '25,28,Renewal ,Retention,"10,852.59",,,,,,
Yes,2/4/25,2/28/25,Q1 '25,24,Renewal ,Retention,"41,690.65",,,,,,
Yes,2/4/25,2/28/25,Q1 '25,24,Renewal ,Retention,"18,025.23",,,,,,
Yes,2/6/25,2/28/25,Q1 '25,22,Renewal ,Retention,"30,105.46",,,,,,
Yes,2/21/25,2/27/25,Q1 '25,6,Renewal ,Retention,"17,623.34",,,,,,
Yes,1/15/25,2/26/25,Q1 '25,42,Connector ,Commerce,"4,950.00",,,,,,
Yes,11/22/24,2/24/25,Q1 '25,94,Renewal ,Retention,"50,564.63",,,,,,
Team,2/11/25,2/21/25,Q1 '25,10,Renewal ,Subscription Upgrade,"48,329.47",,,,,,
Yes,2/13/25,2/21/25,Q1 '25,8,Renewal ,Retention,"75,668.14",,,,,,
Yes,2/18/25,2/20/25,Q1 '25,2,CRM,Platform,"3,624.98",,,,,,
Yes,2/7/25,2/17/25,Q1 '25,10,Fixed Assets,Accounting,"7,906.80",,,,,,
Yes,12/11/24,2/14/25,Q1 '25,65,Renewal,Retention,"121,477.25",,,,,,
Yes,7/23/24,1/31/25,Q1 '25,192,Renewal,Retention,"133,536.27",,,,,,
Yes,11/4/24,1/31/25,Q1 '25,88,Consulting Services,Support,"55,250.03",,,,,,
Yes,1/16/25,1/31/25,Q1 '25,15,CRM,Platform,"38,016.00",,,,,,
Team,1/14/25,1/23/25,Q1 '25,9,Renewal,Retention,"10,984.29",,,,,,
Yes,1/2/25,1/3/25,Q1 '25,1,CRM,Platform,"4,752.00",,,,,,
Team,12/20/24,12/31/24,Q4 '24,11,POS,Platform,"28,403.43",,,,,,
Yes,12/17/24,12/20/24,Q4 '24,3,Connector,Analytics,"4,841.30",,,,,,
Yes,12/10/24,12/20/24,Q4 '24,10,Renewal,Retention,"38,212.93",,,,,,
Yes,9/26/24,12/17/24,Q4 '24,82,Renewal,Retention,"16,560.00",,,,,,
Yes,12/17/24,12/17/24,Q4 '24,0,Renewal,Retention,"14,881.48",,,,,,
Yes,12/15/24,12/16/24,Q4 '24,1,CRM,Platform,"4,752.00",,,,,,
Yes,12/10/24,12/11/24,Q4 '24,1,Ecommerce ,Commerce,"31,667.33",,,,,,
Team,8/30/24,11/27/24,Q4 '24,89,New Instance,Platform,"15,124.80",,,,,,
Yes,10/2/24,11/21/24,Q4 '24,50,Integration ,Infrastructure ,"7,987.72",,,,,,
Yes,10/8/24,11/21/24,Q4 '24,44,Renewal,Subscription Upgrade,"31,649.89",,,,,,
Team,11/5/24,10/31/24,Q4 '24,0,Planning & Budgeting,Analytics,"47,908.74",,,,,,
Yes,11/7/24,10/30/24,Q4 '24,0,Field Service,Platform,"47,908.74",,,,,,
Yes,11/7/24,10/30/24,Q4 '24,0,Field Service,Platform,"21,119.76",,,,,,
Yes,9/11/24,10/21/24,Q4 '24,40,Renewal,Subscription Upgrade,"125,736.12",,,,,,
Yes,6/17/22,10/10/24,Q4 '24,846,Consulting Services,Support,"44,199.96",,,,,,
Yes,9/4/24,9/30/24,Q3 '24,26,Consulting Services,Support,"6,291.04",,,,,,
Yes,8/28/24,9/30/24,Q3 '24,33,Renewal,Subscription Upgrade,"133,536.27",,,,,,
Yes,7/23/24,9/24/24,Q3 '24,63,Renewal,Subscription Upgrade,"37,712.64",,,,,,
Yes,8/5/24,9/24/24,Q3 '24,50,Database,Infrastructure ,"52,414.77",,,,,,
Yes,9/20/24,9/20/24,Q3 '24,0,New Instance,Platform,"19,504.21",,,,,,
Yes,7/11/24,9/18/24,Q3 '24,69,Renewal,Subscription Upgrade,"32,349.30",,,,,,
Team,7/10/24,9/18/24,Q3 '24,70,Renewal,Subscription Upgrade,"32,413.52",,,,,,
Yes,6/14/24,9/13/24,Q3 '24,91,Renewal,Subscription Upgrade,"32,413.52",,,,,,
Yes,6/14/24,9/13/24,Q3 '24,91,Renewal,Subscription Upgrade,"163,012.76",,,,,,
Yes,7/8/24,8/30/24,Q3 '24,53,Renewal,Subscription Upgrade,"29,222.35",,,,,,
Yes,7/2/24,8/30/24,Q3 '24,59,Renewal,Subscription Upgrade,"127,960.66",,,,,,
Yes,8/30/24,8/29/24,Q3 '24,0,New Instance,Platform,"51,329.95",,,,,,
Yes,6/20/24,8/29/24,Q3 '24,70,New Instance,Platform,"4,794.00",,,,,,
Yes,8/30/24,8/29/24,Q3 '24,0,Analytics Warehouse,Analytics,"72,999.96",,,,,,
Yes,8/29/24,8/29/24,Q3 '24,0,Consulting Services,Support,"72,999.96",,,,,,
Yes,8/29/24,8/29/24,Q3 '24,0,Consulting Services,Support,"24,690.64",,,,,,
Yes,8/16/24,8/29/24,Q3 '24,13,Analytics Warehouse,Analytics,"36,280.99",,,,,,
Yes,8/20/24,8/28/24,Q3 '24,8,OneWorld,Accounting,"61,459.42",,,,,,
Yes,8/2/24,8/28/24,Q3 '24,26,New Instance,Platform,"18,323.07",,,,,,
Yes,7/25/24,8/27/24,Q3 '24,33,Renewal,Subscription Upgrade,"54,859.20",,,,,,
Yes,6/24/24,8/21/24,Q3 '24,58,Sandbox,Infrastructure ,"59,072.64",,,,,,
Yes,6/27/24,8/21/24,Q3 '24,55,CRM,Platform,"5,598.97",,,,,,
Yes,4/15/24,8/14/24,Q3 '24,121,Ecommerce ,Commerce,"4,802.40",,,,,,
Yes,8/30/24,8/5/24,Q3 '24,0,Analytics Warehouse,Analytics,"3,170.70",,,,,,
Team,8/30/24,8/5/24,Q3 '24,0,CRM,Platform,"41,599.97",,,,,,
Team,8/30/24,8/5/24,Q3 '24,0,Consulting Services,Support,"26,386.80",,,,,,
Yes,8/30/24,8/5/24,Q3 '24,0,Integration ,Infrastructure ,"26,386.80",,,,,,
Yes,6/21/24,7/30/24,Q3 '24,39,Integration ,Infrastructure ,"58,399.97",,,,,,
Yes,7/24/24,7/29/24,Q3 '24,5,Consulting Services,Support,"17,929.56",,,,,,
Yes,6/27/24,7/11/24,Q3 '24,14,OneWorld,Accounting,"20,453.58",,,,,,
Yes,6/27/23,7/10/24,Q3 '24,379,Ecommerce ,Commerce,"26,894.34",,,,,,
Yes,6/25/24,6/27/24,Q2 '24,2,OneWorld,Accounting,"54,632.42",,,,,,
Yes,6/10/24,6/21/24,Q2 '24,11,OneWorld,Accounting,"4,289.11",,,,,,
Team,1/19/24,5/31/24,Q2 '24,133,CRM,Platform,39204,,,,,,
Yes,5/23/24,5/31/24,Q2 '24,8,Consulting Services,Support,14159,,,,,,
Yes,4/2/24,5/31/24,Q2 '24,58,Planning & Budgeting,Analytics,"38,640.00",,,,,,
Yes,5/23/24,5/31/24,Q2 '24,7,Consulting Services,Support,"14,159.60",,,,,,
Team,1/19/24,5/31/24,Q2 '24,133,CRM,Platform,"39,204.00",,,,,,
Yes,5/28/24,5/28/24,Q2 '24,0,Analytics Warehouse,Analytics,"110,388.00",,,,,,
Yes,5/28/24,5/28/24,Q2 '24,0,Renewal,Retention,"145,915.32",,,,,,
Yes,5/28/24,5/28/24,Q2 '24,0,Renewal,Retention,"4,985.90",,,,,,
Yes,1/12/24,5/27/24,Q2 '24,135,Renewal,Retention,"126,436.12",,,,,,
Yes,5/29/24,5/24/24,Q2 '24,0,Consulting Services,Support,"10,500.00",,,,,,
Yes,5/3/24,5/24/24,Q2 '24,21,Renewal,Retention,"152,069.15",,,,,,
Yes,3/14/24,5/24/24,Q2 '24,71,Planning & Budgeting,Analytics,"27,048.00",,,,,,
Yes,5/14/24,5/24/24,Q2 '24,9,Renewal,Subscription Upgrade,"47,361.01",,,,,,
Yes,5/17/24,5/22/24,Q2 '24,5,Sandbox,Infrastructure ,"21,175.03",,,,,,
Yes,4/29/24,5/15/24,Q2 '24,15,Integration ,Infrastructure ,"29,676.24",,,,,,
Yes,4/29/24,5/15/24,Q2 '24,15,Renewal,Retention,312.07,,,,,,
Yes,5/15/24,5/15/24,Q2 '24,0,Renewal,Retention,"84,276.07",,,,,,
Yes,3/28/24,5/15/24,Q2 '24,50,Renewal,Retention,"42,297.40",,,,,,
Yes,4/29/24,5/13/24,Q2 '24,13,Renewal,Retention,"8,037.60",,,,,,
Yes,4/24/24,5/13/24,Q2 '24,18,Renewal,Retention,"54,663.84",,,,,,
Team,1/25/24,4/26/24,Q2 '24,94,Consulting Services,Support,"18,985.63",,,,,,
Yes,4/8/24,4/26/24,Q2 '24,17,Consulting Services,Support,"29,684.47",,,,,,
Yes,3/26/24,4/26/24,Q2 '24,31,Renewal,Retention,"5,428.85",,,,,,
Yes,2/9/24,4/19/24,Q2 '24,73,Planning & Budgeting,Analytics,"35,760.00",,,,,,
Yes,4/12/24,4/9/24,Q2 '24,0,Renewal,Subscription Upgrade,"20,124.88",,,,,,
Yes,4/12/24,3/29/24,Q1 '24,0,Renewal,Subscription Upgrade,"28,200.00",,,,,,
Yes,4/12/24,3/29/24,Q1 '24,0,CRM,Platform,"11,520.00",,,,,,
Yes,3/14/24,3/28/24,Q1 '24,13,CRM,Platform,"9,504.00",,,,,,
Yes,8/2/23,3/21/24,Q1 '24,231,Renewal,Retention,"91,368.75",,,,,,
Yes,3/12/24,3/14/24,Q1 '24,1,Sandbox,Infrastructure ,"3,744.89",,,,,,
Yes,3/12/24,3/11/24,Q1 '24,0,CRM,Platform,"4,831.20",,,,,,
Yes,2/28/24,2/29/24,Q1 '24,1,Renewal,Retention,"16,688.12",,,,,,
Yes,2/8/24,2/29/24,Q1 '24,29,Renewal,Retention,"4,289.11",,,,,,
Yes,6/21/23,2/29/24,Q1 '24,253,Database,Infrastructure ,"33,593.28",,,,,,
Yes,7/17/23,2/27/24,Q1 '24,224,Ecommerce ,Commerce,"12,949.20",,,,,,
Team,7/17/23,2/27/24,Q1 '24,224,Ecommerce ,Commerce,"29,649.45",,,,,,
Yes,2/21/24,2/21/24,Q1 '24,0,Rebates,Accounting,"4,788.00",,,,,,
Yes,2/9/24,2/13/24,Q1 '24,3,Renewal,Subscription Upgrade,"53,830.45",,,,,,
Yes,12/15/23,2/8/24,Q1 '24,56,Analytics Warehouse,Analytics,"5,988.00",,,,,,
Yes,2/8/24,2/7/24,Q1 '24,0,Integration ,Infrastructure ,"26,386.80",,,,,,
Team,1/10/24,2/7/24,Q1 '24,27,Database,Infrastructure ,"101,988.00",,,,,,
Yes,1/23/24,2/6/24,Q1 '24,17,Consulting Services,Support,"56,360.33",,,,,,
Yes,1/16/24,2/5/24,Q1 '24,24,Renewal,Retention,"22,864.44",,,,,,
Yes,1/22/24,1/29/24,Q1 '24,6,Database,Infrastructure ,"58,643.10",,,,,,
Yes,8/16/23,1/29/24,Q1 '24,165,Renewal,Retention,"103,285.10",,,,,,
Team,7/7/23,1/25/24,Q1 '24,201,Analytics Warehouse,Analytics,"30,950.64",,,,,,
Yes,1/24/24,1/24/24,Q1 '24,0,CRM,Platform,"10,800.00",,,,,,
Yes,11/22/23,1/19/24,Q1 '24,57,Renewal,Retention,"63,925.71",,,,,,
Team,12/19/23,12/21/23,Q4 '23,1,OneWorld,Platform,"27,052.54",,,,,,
Yes,12/19/23,12/20/23,Q4 '23,0,OneWorld,Platform,"23,504.58",,,,,,
Yes,8/25/23,12/19/23,Q4 '23,119,Fixed Assets,Accounting,"4,981.28",,,,,,
Yes,8/31/23,12/19/23,Q4 '23,110,Renewal,Subscription Upgrade,"34,590.20",,,,,,
Yes,12/14/23,12/13/23,Q4 '23,0,Consulting Services,Support,"36,399.97",,,,,,
Yes,11/9/23,12/11/23,Q4 '23,31,Connector,Analytics,"5,386.80",,,,,,
Yes,12/5/23,11/30/23,Q4 '23,0,Analytics Warehouse,Analytics,"6,232.20",,,,,,
Yes,10/20/23,11/30/23,Q4 '23,42,Renewal,Retention,"1,384.88",,,,,,
Team,7/21/23,11/30/23,Q4 '23,142,Renewal,Retention,"18,480.13",,,,,,
Yes,11/27/23,11/30/23,Q4 '23,2,Renewal,Retention,"39,681.52",,,,,,
Yes,11/29/23,11/28/23,Q4 '23,0,Planning & Budgeting,Analytics,"40,080.00",,,,,,
Yes,11/29/23,11/20/23,Q4 '23,0,CRM,Platform,"4,039.20",,,,,,
Yes,11/6/23,11/17/23,Q4 '23,13,Planning & Budgeting,Analytics,"26,304.00",,,,,,
Yes,11/14/23,11/17/23,Q4 '23,3,Integration ,Infrastructure ,"52,773.60",,,,,,
Yes,11/9/23,11/4/23,Q4 '23,0,CRM,Platform,"15,840.00",,,,,,
Yes,8/30/23,10/31/23,Q4 '23,61,Renewal,Subscription Upgrade,"18,786.14",,,,,,
Yes,6/27/23,10/27/23,Q4 '23,127,Ecommerce ,Commerce,"20,453.58",,,,,,
Yes,9/5/23,10/26/23,Q4 '23,75,Renewal,Retention,"34,888.04",,,,,,
Yes,10/25/23,10/26/23,Q4 '23,0,WMS,Platform,"1,425.60",,,,,,
Team,10/27/23,10/26/23,Q4 '23,0,CRM,Platform,"10,454.40",,,,,,
Yes,10/9/23,10/25/23,Q4 '23,15,Planning & Budgeting,Analytics,"17,186.40",,,,,,
Yes,9/29/23,10/19/23,Q4 '23,19,Renewal,Retention,"16,624.26",,,,,,
Yes,6/27/23,10/6/23,Q4 '23,100,Connector,Commerce,"5,277.36",,,,,,
Yes,10/17/23,9/29/23,Q3 '23,10,Consulting Services,Support,"19,200.00",,,,,,
Yes,8/31/23,9/27/23,Q3 '23,26,Renewal,Retention,"25,118.48",,,,,,
Team,9/25/23,9/27/23,Q3 '23,1,Database,Infrastructure ,"101,988.01",,,,,,
Yes,9/12/23,9/14/23,Q3 '23,1,Connector,Commerce,"1,349.12",,,,,,
Yes,9/11/23,9/13/23,Q3 '23,1,Connector,Commerce,"7,382.77",,,,,,
Yes,9/11/23,9/11/23,Q3 '23,0,CRM,Platform,"24,480.00",,,,,,
Yes,9/11/23,9/8/23,Q3 '23,0,CRM,Platform,"7,920.00",,,,,,
Team,6/26/23,8/31/23,Q3 '23,68,Renewal,Retention,"25,704.00",,,,,,
Yes,8/30/23,8/31/23,Q3 '23,0,New Instance,Platform,"54,999.99",,,,,,
Yes,8/10/23,8/31/23,Q3 '23,20,Renewal,Retention,"39,646.07",,,,,,
Yes,7/5/23,8/30/23,Q3 '23,55,Renewal,Retention,"136,542.31",,,,,,
Yes,8/28/23,8/30/23,Q3 '23,1,CRM,Platform,"7,200.00",,,,,,
Yes,8/17/23,8/29/23,Q3 '23,13,Bill Capture,Accounting,"6,920.02",,,,,,
Yes,8/10/23,8/25/23,Q3 '23,14,Bill Capture,Accounting,"4,310.61",,,,,,
Yes,6/29/23,8/18/23,Q3 '23,49,Renewal,Retention,"1,386.55",,,,,,
Team,8/10/23,8/9/23,Q3 '23,0,Sandbox,Infrastructure ,"6,564.00",,,,,,
Yes,8/10/23,8/7/23,Q3 '23,0,CRM,Platform,"3,564.00",,,,,,
Yes,7/10/23,7/31/23,Q3 '23,20,Renewal,Retention,"25,068.35",,,,,,
Yes,6/27/23,7/26/23,Q3 '23,29,Renewal,Retention,"98,280.00",,,,,,
Yes,6/8/23,7/18/23,Q3 '23,39,CRM,Platform,"13,266.72",,,,,,
Yes,7/6/23,7/13/23,Q3 '23,6,OneWorld,Accounting,"7,345.75",,,,,,
Yes,3/2/23,7/13/23,Q3 '23,132,Renewal,Retention,"42,492.13",,,,,,
Yes,6/23/23,6/23/23,Q2 '23,0,Ecommerce ,Commerce,"32,986.80",,,,,,
Yes,12/1/22,6/9/23,Q2 '23,190,Connector,Commerce,113.99,,,,,,
Yes,12/1/22,6/9/23,Q2 '23,190,Connector,Commerce,"2,399.04",,,,,,
Yes,5/4/23,6/1/23,Q2 '23,27,Renewal,Retention,"116,853.39",,,,,,
Yes,7/7/23,5/31/23,Q2 '23,0,CRM,Platform,957.82,,,,,,
Yes,5/24/23,5/31/23,Q2 '23,6,Database,Infrastructure ,"28,080.35",,,,,,
Team,5/31/23,5/31/23,Q2 '23,0,Bill Capture,Accounting,"9,102.16",,,,,,
Yes,10/25/22,5/31/23,Q2 '23,224,Ecommerce ,Commerce,"23,990.40",,,,,,
Team,5/22/23,5/31/23,Q2 '23,8,Renewal,Retention,"85,755.34",,,,,,
Yes,5/18/23,5/31/23,Q2 '23,14,Renewal,Subscription Upgrade,"5,175.97",,,,,,
Yes,5/25/23,5/31/23,Q2 '23,7,Integration ,Infrastructure ,"18,295.20",,,,,,
Yes,5/8/23,5/31/23,Q2 '23,25,Sandbox,Infrastructure ,"16,678.56",,,,,,
Yes,5/24/23,5/30/23,Q2 '23,5,Bill Capture,Accounting,"7,734.84",,,,,,
Yes,5/30/23,5/26/23,Q2 '23,0,Consulting Services,Support,"36,399.97",,,,,,
Yes,5/24/23,5/26/23,Q2 '23,1,Renewal,Retention,"216,081.41",,,,,,
Team,5/10/23,5/26/23,Q2 '23,15,Database,Infrastructure ,"19,835.47",,,,,,
Yes,4/8/23,5/26/23,Q2 '23,47,Renewal,Retention,"47,617.18",,,,,,
Yes,1/24/23,5/26/23,Q2 '23,122,Renewal,Retention,"96,286.67",,,,,,
Yes,5/23/23,5/25/23,Q2 '23,8,Consulting Services,Support,"44,681.22",,,,,,
Yes,5/30/23,5/24/23,Q2 '23,0,CRM,Platform,"13,068.00",,,,,,
Yes,5/24/23,5/24/23,Q2 '23,0,Analytics Warehouse,Analytics,"6,711.60",,,,,,
Yes,4/24/23,5/24/23,Q2 '23,29,Renewal,Retention,"26,630.75",,,,,,
Yes,5/11/23,5/23/23,Q2 '23,11,Renewal,Retention,"99,618.14",,,,,,
Yes,3/2/23,5/23/23,Q2 '23,88,Renewal,Retention,"19,186.34",,,,,,
Yes,5/1/23,5/23/23,Q2 '23,25,Planning & Budgeting,Analytics,"11,581.04",,,,,,
Yes,5/12/23,5/22/23,Q2 '23,9,Renewal,Retention,"38,335.84",,,,,,
Yes,5/12/23,5/22/23,Q2 '23,9,Renewal,Retention,"68,807.04",,,,,,
Yes,4/21/23,5/19/23,Q2 '23,17,Renewal,Retention,"71,762.07",,,,,,
Yes,5/2/23,5/19/23,Q2 '23,16,Renewal,Retention,"25,523.02",,,,,,
Yes,5/3/23,5/19/23,Q2 '23,15,Renewal,Retention,"53,457.39",,,,,,
Yes,5/12/23,5/16/23,Q2 '23,3,Work Orders,Manufacturing,"2,875.20",,,,,,
Yes,4/24/23,5/15/23,Q2 '23,20,Integration ,Infrastructure ,"18,470.76",,,,,,
Yes,12/6/22,5/12/23,Q2 '23,163,Analytics Warehouse,Analytics,"6,711.60",,,,,,
Yes,5/2/23,5/2/23,Q2 '23,0,Connector,Commerce,299.99,,,,,,
Yes,5/2/23,5/2/23,Q2 '23,0,Connector,Commerce,"3,999.00",,,,,,
Yes,4/21/23,4/28/23,Q2 '23,0,Renewal,Retention,"71,762.07",,,,,,
Yes,2/24/23,4/28/23,Q2 '23,62,Renewal,Retention,"45,838.31",,,,,,
Team,2/10/23,4/28/23,Q2 '23,76,Renewal,Retention,"3,735.11",,,,,,
Yes,4/27/23,4/27/23,Q2 '23,0,Renewal,Retention,"178,223.17",,,,,,
Yes,2/9/23,4/26/23,Q2 '23,75,Consulting Services,Support,"50,310.04",,,,,,
Yes,1/4/23,4/26/23,Q2 '23,111,Renewal,Retention,"411,737.92",,,,,,
Yes,1/4/23,4/26/23,Q2 '23,111,Renewal,Retention,"10,796.00",,,,,,
Team,4/14/23,4/26/23,Q2 '23,11,Renewal,Retention,"28,432.02",,,,,,
Yes,3/9/23,4/26/23,Q2 '23,47,Renewal,Retention,"36,258.06",,,,,,
Yes,4/3/23,4/25/23,Q2 '23,21,Renewal,Retention,"51,018.68",,,,,,
Yes,4/10/23,4/25/23,Q2 '23,19,WMS,Platform,"15,366.78",,,,,,
Yes,2/14/23,4/18/23,Q2 '23,62,Connector,Analytics,"4,281.42",,,,,,
Yes,3/20/23,4/17/23,Q2 '23,27,Integration ,Infrastructure ,"13,193.40",,,,,,
Yes,3/28/23,4/13/23,Q2 '23,15,Database,Infrastructure ,"30,000.00",,,,,,
Yes,4/13/23,4/10/23,Q2 '23,0,CRM,Platform,"24,567.84",,,,,,
Yes,2/13/23,4/6/23,Q2 '23,51,Database,Infrastructure ,"173,990.56",,,,,,
Yes,4/13/23,4/4/23,Q2 '23,0,Renewal,Retention,"5,247.90",,,,,,
Team,3/22/23,3/31/23,Q1 '23,13,Renewal,Retention,"11,032.06",,,,,,
Yes,1/4/23,3/30/23,Q1 '23,84,Planning & Budgeting,Analytics,"30,912.00",,,,,,
Yes,2/6/23,3/30/23,Q1 '23,51,Consulting Services,Support,"45,000.00",,,,,,
Yes,2/24/23,3/28/23,Q1 '23,31,CRM,Platform,"10,232.24",,,,,,
Yes,3/27/23,3/27/23,Q1 '23,0,Consulting Services,Support,"11,200.00",,,,,,
Yes,10/10/22,3/24/23,Q1 '23,164,Renewal,Retention,"1,006.03",,,,,,
Yes,3/15/23,3/22/23,Q1 '23,8,Bill Capture,Accounting,"2,917.92",,,,,,
Yes,3/11/23,3/9/23,Q1 '23,0,Consulting Services,Support,"21,875.00",,,,,,
Yes,3/2/23,2/28/23,Q1 '23,0,CRM,Platform,"5,940.00",,,,,,
Yes,3/2/23,2/28/23,Q1 '23,0,CRM,Platform,"25,482.60",,,,,,
Yes,3/2/23,2/28/23,Q1 '23,0,Renewal,Retention,"42,492.13",,,,,,
Yes,2/10/23,2/28/23,Q1 '23,20,Renewal,Retention,"12,207.66",,,,,,
Yes,2/22/23,2/28/23,Q1 '23,5,Consulting Services,Support,"14,400.00",,,,,,
Yes,2/2/23,2/28/23,Q1 '23,28,OneWorld,Accounting,"7,977.28",,,,,,
Team,2/13/23,2/28/23,Q1 '23,14,Database,Infrastructure ,"44,934.32",,,,,,
Yes,2/23/23,2/28/23,Q1 '23,4,Planning & Budgeting,Analytics,"20,880.00",,,,,,
Yes,2/24/23,2/27/23,Q1 '23,2,CRM,Platform,"10,454.40",,,,,,
Yes,7/7/20,2/25/23,Q1 '23,962,Renewal,Retention,"1,170.39",,,,,,
Yes,1/27/23,2/25/23,Q1 '23,28,Renewal,Retention,"129,384.11",,,,,,
Yes,4/5/23,2/24/23,Q1 '23,0,Renewal,Retention,"12,270.94",,,,,,
Yes,2/24/23,2/24/23,Q1 '23,0,CRM,Platform,"17,641.80",,,,,,
Yes,2/15/23,2/24/23,Q1 '23,8,Renewal,Subscription Upgrade,"31,543.98",,,,,,
Yes,1/25/23,2/24/23,Q1 '23,31,Renewal,Retention,"20,454.51",,,,,,
Yes,1/10/23,2/23/23,Q1 '23,43,Database,Infrastructure ,"44,991.00",,,,,,
Yes,2/22/23,2/21/23,Q1 '23,0,OneWorld,Accounting,"10,546.80",,,,,,
Yes,2/22/23,2/17/23,Q1 '23,0,CRM,Platform,"5,488.56",,,,,,
Yes,12/5/22,2/16/23,Q1 '23,77,Connector,Commerce,"2,039.49",,,,,,
Yes,2/15/23,2/15/23,Q1 '23,0,Consulting Services,Support,"51,999.96",,,,,,
Yes,2/10/23,2/10/23,Q1 '23,8,Renewal,Retention,"70,998.47",,,,,,
Yes,2/7/23,2/7/23,Q1 '23,0,Database,Infrastructure ,"19,581.66",,,,,,
Yes,9/20/22,2/6/23,Q1 '23,138,Renewal,Retention,"1,542.29",,,,,,
Yes,2/24/23,2/3/23,Q1 '23,0,CRM,Platform,"6,534.00",,,,,,
Yes,7/1/22,1/31/23,Q1 '23,217,Database,Infrastructure ,"156,140.62",,,,,,
Team,3/8/21,1/31/23,Q1 '23,698,Consulting Services,Support,"33,118.96",,,,,,
Yes,4/24/23,1/30/23,Q1 '23,0,Sandbox,Infrastructure ,"11,817.48",,,,,,
Yes,12/20/22,1/30/23,Q1 '23,40,Connector,Commerce,399.99,,,,,,
Yes,12/20/22,1/30/23,Q1 '23,40,Connector,Commerce,"3,999.00",,,,,,
Yes,10/10/22,1/25/23,Q1 '23,106,Renewal,Retention,"24,534.40",,,,,,
Yes,11/30/22,1/5/23,Q1 '23,0,Connector,Commerce,"4,819.40",,,,,,
Yes,12/9/22,1/4/23,Q1 '23,25,Database,Infrastructure ,"59,988.00",,,,,,
Yes,12/28/22,12/29/22,Q4 '22,1,CPQ,Commerce,"77,576.00",,,,,,
Yes,10/14/22,12/23/22,Q4 '22,73,Renewal,Retention,"54,476.30",,,,,,
Yes,12/12/22,12/22/22,Q4 '22,19,Renewal,Retention,"19,073.72",,,,,,
Yes,8/24/21,12/22/22,Q4 '22,484,Database,Infrastructure ,"59,988.00",,,,,,
Yes,11/4/22,12/21/22,Q4 '22,47,Database,Infrastructure ,"54,977.56",,,,,,
Yes,2/22/23,12/16/22,Q4 '22,0,OneWorld,Accounting,"8,964.78",,,,,,
Yes,12/16/22,12/16/22,Q4 '22,0,Renewal,Retention,"23,846.19",,,,,,
Yes,11/22/22,12/13/22,Q4 '22,26,Renewal,Retention,"2,698.40",,,,,,
Yes,11/29/22,12/8/22,Q4 '22,8,Connector,Commerce,999,,,,,,
Yes,12/2/22,12/7/22,Q4 '22,5,Connector,Commerce,47.05,,,,,,
Yes,12/2/22,12/7/22,Q4 '22,5,Connector,Commerce,470.23,,,,,,
Team,12/5/22,12/5/22,Q4 '22,0,OneWorld,Accounting,"18,984.24",,,,,,
Yes,2/3/23,12/2/22,Q4 '22,0,Consulting Services,Support,"94,500.00",,,,,,
Yes,12/16/22,11/30/22,Q4 '22,0,Renewal,Retention,"5,481.50",,,,,,
Yes,11/16/22,11/30/22,Q4 '22,15,Integration ,Infrastructure ,"50,176.96",,,,,,
Yes,10/10/22,11/30/22,Q4 '22,56,Renewal,Retention,"69,411.19",,,,,,
Yes,11/7/22,11/28/22,Q4 '22,24,Integration ,Infrastructure ,"21,109.44",,,,,,
Yes,11/30/22,11/22/22,Q4 '22,0,Integration ,Infrastructure ,"39,586.80",,,,,,
Yes,1/27/23,11/21/22,Q4 '22,0,CRM,Platform,"6,207.30",,,,,,
Yes,9/19/22,11/21/22,Q4 '22,68,Connector,Commerce,399.97,,,,,,
Yes,9/19/22,11/21/22,Q4 '22,68,Connector,Commerce,250.11,,,,,,
Yes,2/24/23,11/18/22,Q4 '22,0,CRM,Platform,"8,363.52",,,,,,
Yes,10/19/22,11/18/22,Q4 '22,29,Renewal,Retention,"15,619.80",,,,,,
Yes,11/15/22,11/18/22,Q4 '22,7,Database,Infrastructure ,"101,568.00",,,,,,
Yes,10/27/22,11/18/22,Q4 '22,22,Renewal,Retention,"90,305.89",,,,,,
Yes,11/15/22,11/15/22,Q4 '22,4,Consulting Services,Support,"38,999.97",,,,,,
Yes,11/9/22,11/9/22,Q4 '22,0,Sandbox,Infrastructure ,"1,736.61",,,,,,
Yes,11/7/22,10/31/22,Q4 '22,0,CRM,Platform,"6,534.00",,,,,,
Yes,10/11/22,10/28/22,Q4 '22,17,Integration ,Infrastructure ,"17,601.30",,,,,,
Yes,10/20/22,10/26/22,Q4 '22,8,Connector,Analytics,"2,694.60",,,,,,
Yes,1/4/23,10/25/22,Q4 '22,0,Renewal,Retention,"5,741.40",,,,,,
Yes,1/4/23,10/25/22,Q4 '22,0,Renewal,Retention,"5,741.40",,,,,,
Yes,10/10/22,10/21/22,Q4 '22,13,Integration ,Infrastructure ,"10,026.98",,,,,,
Yes,11/14/22,10/20/22,Q4 '22,0,CRM,Platform,"14,113.44",,,,,,
Yes,10/12/22,10/20/22,Q4 '22,7,Renewal,Retention,"47,332.49",,,,,,
Yes,2/24/23,10/18/22,Q4 '22,0,CRM,Platform,"6,534.00",,,,,,
Yes,6/20/22,10/14/22,Q4 '22,119,POS,Commerce,"27,012.55",,,,,,
Yes,2/24/23,10/11/22,Q4 '22,0,CRM,Platform,"15,158.88",,,,,,
Yes,7/19/22,10/10/22,Q4 '22,89,Integration ,Infrastructure ,"19,910.04",,,,,,
Yes,8/2/21,10/6/22,Q4 '22,429,Renewal,Retention,"5,538.51",,,,,,
Yes,9/12/22,9/30/22,Q3 '22,20,Connector,Commerce,499.8,,,,,,
Yes,9/12/22,9/30/22,Q3 '22,20,Connector,Commerce,"4,998.00",,,,,,
Yes,8/22/22,9/30/22,Q3 '22,38,Renewal,Retention,"19,925.76",,,,,,
Yes,9/30/22,9/30/22,Q3 '22,0,Renewal,Retention,"14,601.57",,,,,,
Yes,8/18/22,9/29/22,Q3 '22,42,Renewal,Retention,"5,845.11",,,,,,
Yes,8/24/22,9/26/22,Q3 '22,34,Integration ,Infrastructure ,"14,855.76",,,,,,
Yes,8/22/22,9/21/22,Q3 '22,29,Integration ,Infrastructure ,"23,088.45",,,,,,
Yes,8/23/22,9/14/22,Q3 '22,21,Connector,Commerce,"4,638.84",,,,,,
Yes,8/23/22,9/14/22,Q3 '22,21,Connector,Commerce,463.82,,,,,,
Yes,7/11/22,8/31/22,Q3 '22,54,Database,Infrastructure ,"51,595.87",,,,,,
Yes,7/12/22,8/31/22,Q3 '22,53,Integration ,Infrastructure ,"21,109.44",,,,,,
Yes,7/12/22,8/31/22,Q3 '22,49,OneWorld,Accounting,"10,546.80",,,,,,
Team,8/29/22,8/31/22,Q3 '22,4,Database,Infrastructure ,"30,122.59",,,,,,
Yes,8/26/22,8/29/22,Q3 '22,2,Planning & Budgeting,Analytics,"1,634.00",,,,,,
Yes,6/17/22,8/26/22,Q3 '22,70,Connector,Commerce,479.76,,,,,,
Yes,6/17/22,8/26/22,Q3 '22,70,Connector,Commerce,"3,118.75",,,,,,
Yes,8/9/22,8/26/22,Q3 '22,16,Renewal,Retention,"49,692.73",,,,,,
Yes,8/22/22,8/26/22,Q3 '22,3,Consulting Services,Support,"13,859.97",,,,,,
Yes,8/29/22,8/25/22,Q3 '22,0,Consulting Services,Support,"4,567.62",,,,,,
Yes,10/10/22,8/23/22,Q3 '22,0,CRM,Platform,"28,749.60",,,,,,
Yes,8/22/22,8/19/22,Q3 '22,0,CRM,Platform,"5,940.00",,,,,,
Yes,8/8/22,8/19/22,Q3 '22,16,Database,Infrastructure ,"40,002.00",,,,,,
Yes,7/26/22,8/17/22,Q3 '22,21,Payments,Accounting,"2,368.08",,,,,,
Yes,8/4/22,8/11/22,Q3 '22,7,Connector,Commerce,999,,,,,,
Yes,7/15/22,8/6/22,Q3 '22,22,Analytics Warehouse,Analytics,"8,824.36",,,,,,
Yes,1/4/23,8/1/22,Q3 '22,0,Connector,Analytics,"5,988.00",,,,,,
Yes,1/4/23,8/1/22,Q3 '22,0,Connector,Analytics,"5,988.00",,,,,,
Yes,7/29/22,7/27/22,Q3 '22,0,Consulting Services,Support,"96,000.00",,,,,,
Yes,7/27/22,7/26/22,Q3 '22,0,Sandbox,Infrastructure ,"2,799.30",,,,,,
Yes,8/22/22,7/22/22,Q3 '22,0,CRM,Platform,"5,248.29",,,,,,
Yes,7/13/22,7/19/22,Q3 '22,19,CPQ,Commerce,"82,701.00",,,,,,
Yes,7/15/22,7/15/22,Q3 '22,0,Consulting Services,Support,"17,228.88",,,,,,
Yes,6/20/22,7/12/22,Q3 '22,25,POS,Commerce,"27,012.55",,,,,,
Yes,6/17/22,7/6/22,Q3 '22,22,Connector,Commerce,"8,097.30",,,,,,
Team,8/8/22,7/4/22,Q3 '22,0,Consulting Services,Support,"11,520.00",,,,,,
Yes,7/27/22,6/30/22,Q2 '22,0,Consulting Services,Support,"10,171.88",,,,,,
Yes,7/27/22,6/30/22,Q2 '22,0,CPQ,Commerce,"13,346.77",,,,,,
Yes,4/12/22,6/30/22,Q2 '22,79,Demand Planning,Analytics,"6,325.44",,,,,,
Yes,6/28/22,6/30/22,Q2 '22,1,Renewal,Subscription Upgrade,"23,709.30",,,,,,
Yes,6/23/22,6/30/22,Q2 '22,6,Connector,Commerce,224.16,,,,,,
Yes,6/23/22,6/30/22,Q2 '22,6,Connector,Commerce,"2,242.12",,,,,,
Yes,8/22/22,6/29/22,Q2 '22,0,CRM,Platform,"4,276.80",,,,,,
Yes,7/27/22,6/29/22,Q2 '22,0,Integration ,Infrastructure ,"15,656.40",,,,,,
Yes,7/19/22,6/29/22,Q2 '22,0,Sandbox,Infrastructure ,"3,524.70",,,,,,
Yes,4/4/22,6/23/22,Q2 '22,82,Connector,Commerce,"2,799.30",,,,,,
Yes,7/19/22,6/8/22,Q2 '22,0,CRM,Platform,"1,698.84",,,,,,
Yes,7/27/22,6/7/22,Q2 '22,0,CRM,Platform,"10,454.40",,,,,,
Yes,6/28/22,5/27/22,Q2 '22,0,CRM,Platform,"4,764.24",,,,,,
Team,4/22/22,5/27/22,Q2 '22,34,New Instance ,Platform,"79,995.52",,,,,,
Yes,8/27/21,5/26/22,Q2 '22,272,Connector,Commerce,974.52,,,,,,
Yes,8/27/21,5/26/22,Q2 '22,272,Connector,Commerce,"9,095.86",,,,,,
Yes,5/13/22,5/25/22,Q2 '22,13,Renewal,Retention,"2,505.22",,,,,,
Yes,5/24/22,5/25/22,Q2 '22,0,Connector,Commerce,"3,444.10",,,,,,
Yes,5/24/22,5/25/22,Q2 '22,0,Connector,Commerce,383.9,,,,,,
Yes,5/31/22,5/24/22,Q2 '22,0,Renewal,Retention,"1,134.75",,,,,,
Yes,5/23/22,5/20/22,Q2 '22,0,Connector,Commerce,"8,097.24",,,,,,
Yes,5/13/22,5/19/22,Q2 '22,6,Renewal,Subscription Upgrade,"27,945.39",,,,,,
Yes,11/9/21,5/19/22,Q2 '22,190,Connector,Commerce,"2,999.04",,,,,,
Yes,5/23/22,5/17/22,Q2 '22,0,Connector,Commerce,999,,,,,,
Yes,1/10/22,5/17/22,Q2 '22,129,Connector,Commerce,"3,000.00",,,,,,
Yes,5/9/22,5/12/22,Q2 '22,5,Connector,Commerce,"4,398.90",,,,,,
Yes,5/12/22,5/12/22,Q2 '22,0,Connector,Commerce,"3,999.00",,,,,,
Yes,4/26/22,4/29/22,Q2 '22,2,Renewal,Retention,"29,238.75",,,,,,
Yes,4/12/22,4/28/22,Q2 '22,36,Renewal,Retention,"8,582.99",,,,,,
Yes,4/14/22,4/28/22,Q2 '22,15,Email Marketing,Commerce,"2,993.90",,,,,,
Yes,4/5/22,4/22/22,Q2 '22,16,Renewal,Retention,"54,118.82",,,,,,
Yes,3/25/22,4/14/22,Q2 '22,20,Connector,Commerce,"2,719.32",,,,,,
Yes,3/16/22,4/12/22,Q2 '22,34,Renewal,Retention,"11,875.76",,,,,,
Yes,3/31/22,3/31/22,Q1 '22,0,Database,Infrastructure ,"36,592.68",,,,,,
Yes,3/10/22,3/31/22,Q1 '22,20,Fixed Assets,Accounting,"7,807.85",,,,,,
Yes,3/18/22,3/30/22,Q1 '22,11,Connector,Commerce,886.61,,,,,,
Yes,3/29/22,3/30/22,Q1 '22,0,Renewal,Retention,"14,056.51",,,,,,
Yes,3/23/22,3/29/22,Q1 '22,5,Database,Infrastructure ,"59,988.00",,,,,,
Yes,3/16/22,3/28/22,Q1 '22,13,Sandbox,Infrastructure ,"3,952.08",,,,,,
Yes,3/9/22,3/26/22,Q1 '22,18,Renewal,Retention,"27,851.18",,,,,,
Yes,1/21/22,3/22/22,Q1 '22,59,Connector,Commerce,"1,998.00",,,,,,
Yes,3/14/22,3/10/22,Q1 '22,0,CRM,Platform,"6,534.00",,,,,,
Yes,4/22/22,3/3/22,Q1 '22,0,CRM,Platform,"23,522.40",,,,,,
Yes,3/23/22,2/28/22,Q1 '22,0,Renewal,Subscription Upgrade,"11,817.20",,,,,,
Yes,3/17/22,2/28/22,Q1 '22,0,CRM,Platform,"5,553.90",,,,,,
Yes,3/14/22,2/28/22,Q1 '22,0,Renewal,Retention,"28,147.01",,,,,,
Yes,2/28/22,2/28/22,Q1 '22,0,Database,Infrastructure ,"48,525.60",,,,,,
Yes,1/21/22,2/28/22,Q1 '22,40,Connector,Commerce,"4,162.09",,,,,,
Yes,8/10/21,2/28/22,Q1 '22,201,Database,Infrastructure ,"57,371.52",,,,,,
Yes,3/23/22,2/25/22,Q1 '22,0,CRM,Platform,"2,613.60",,,,,,
Yes,3/23/22,2/25/22,Q1 '22,0,CRM,Platform,"5,227.20",,,,,,
Yes,1/31/22,2/25/22,Q1 '22,30,Connector,Commerce,"7,676.93",,,,,,
Yes,3/23/22,2/24/22,Q1 '22,0,CRM,Platform,"1,433.74",,,,,,
Yes,2/24/22,2/24/22,Q1 '22,0,OneWorld,Accounting,"28,052.75",,,,,,
Yes,3/23/22,2/22/22,Q1 '22,0,CRM,Platform,"5,940.00",,,,,,
Yes,3/14/22,2/22/22,Q1 '22,0,CRM,Platform,"3,699.43",,,,,,
Yes,3/23/22,2/18/22,Q1 '22,0,CRM,Platform,"6,534.00",,,,,,
Yes,12/22/21,2/17/22,Q1 '22,64,Renewal,Retention,"38,935.37",,,,,,
Yes,2/2/22,2/16/22,Q1 '22,13,Connector,Commerce,"5,101.92",,,,,,
Yes,3/23/22,2/14/22,Q1 '22,0,CRM,Platform,"1,986.60",,,,,,
Yes,1/19/22,2/9/22,Q1 '22,20,Connector,Commerce,"10,202.00",,,,,,
Yes,1/19/22,2/9/22,Q1 '22,20,Connector,Commerce,"4,198.44",,,,,,
Yes,1/18/22,2/7/22,Q1 '22,19,Connector,Commerce,"1,998.00",,,,,,
Team,1/11/22,2/3/22,Q1 '22,28,Renewal,Retention,"10,732.88",,,,,,
Yes,12/13/21,2/3/22,Q1 '22,54,Connector,Commerce,359.82,,,,,,
Yes,12/13/21,1/31/22,Q1 '22,51,Connector,Commerce,"3,598.56",,,,,,
Yes,1/7/22,1/31/22,Q1 '22,25,Renewal,Retention,"1,850.01",,,,,,
Yes,11/29/21,1/27/22,Q1 '22,68,Renewal,Retention,"10,072.32",,,,,,
Yes,1/27/22,1/27/22,Q1 '22,0,Planning & Budgeting,Analytics,"12,636.00",,,,,,
Yes,12/22/21,1/26/22,Q1 '22,34,Connector,Commerce,"7,200.00",,,,,,
Yes,11/4/21,1/21/22,Q1 '22,77,Dunning Collections,Accounting,"3,478.62",,,,,,
Yes,12/20/21,1/21/22,Q1 '22,31,Connector,Commerce,"2,148.65",,,,,,
Yes,12/2/21,1/18/22,Q1 '22,46,Renewal,Retention,"3,361.08",,,,,,
Yes,1/10/22,1/14/22,Q1 '22,8,Connector,Commerce,"7,198.20",,,,,,
Yes,3/17/22,1/7/22,Q1 '22,0,CRM,Platform,"6,207.30",,,,,,
Yes,8/24/21,1/4/22,Q1 '22,132,Renewal,Retention,"25,576.48",,,,,,
Team,12/22/21,12/30/21,Q4 '21,7,OneWorld,Accounting,"18,568.18",,,,,,
Yes,12/6/21,12/27/21,Q4 '21,24,Demand Planning,Analytics,"5,930.38",,,,,,
Yes,11/8/21,12/22/21,Q4 '21,46,Renewal,Subscription Upgrade,"15,444.58",,,,,,
Yes,12/14/21,12/21/21,Q4 '21,6,Connector,Commerce,"6,047.84",,,,,,
Yes,11/9/21,12/16/21,Q4 '21,36,Database,Infrastructure ,"36,196.86",,,,,,
Yes,9/23/21,12/10/21,Q4 '21,77,Connector,Commerce,"2,999.25",,,,,,
Yes,10/19/21,11/22/21,Q4 '21,34,Renewal,Retention,"12,126.79",,,,,,
Yes,11/2/21,11/19/21,Q4 '21,16,Payroll,Accounting,"5,184.00",,,,,,
Yes,7/22/21,11/19/21,Q4 '21,120,Connector,Commerce,335.92,,,,,,
Yes,7/22/21,11/19/21,Q4 '21,120,Connector,Commerce,"3,359.16",,,,,,
Yes,10/1/21,11/16/21,Q4 '21,46,Renewal,Retention,"22,938.14",,,,,,
Yes,11/8/21,11/15/21,Q4 '21,10,Connector,Commerce,"3,599.10",,,,,,
Yes,8/24/21,11/10/21,Q4 '21,77,CRM,Platform,"5,488.56",,,,,,
Yes,8/30/21,11/8/21,Q4 '21,90,Connector,Commerce,0,,,,,,
Yes,9/24/21,10/29/21,Q4 '21,34,Connector,Commerce,"9,227.25",,,,,,
Yes,10/27/21,10/28/21,Q4 '21,0,Renewal,Subscription Upgrade,"28,246.54",,,,,,
Yes,10/15/21,10/28/21,Q4 '21,15,Connector,Commerce,167.18,,,,,,
Yes,10/15/21,10/28/21,Q4 '21,15,Connector,Commerce,"1,671.38",,,,,,
Team,10/27/20,10/26/21,Q4 '21,364,Renewal,Subscription Upgrade,"49,835.18",,,,,,
Yes,9/16/21,10/26/21,Q4 '21,39,Connector,Commerce,239.84,,,,,,
Yes,9/16/21,10/25/21,Q4 '21,38,Connector,Commerce,"2,399.04",,,,,,
Yes,8/30/21,10/24/21,Q4 '21,75,Connector,Commerce,922.15,,,,,,
Yes,8/30/21,10/23/21,Q4 '21,74,Connector,Commerce,92.27,,,,,,
Yes,10/18/21,10/21/21,Q4 '21,2,Connector,Commerce,"7,998.00",,,,,,
Yes,8/4/21,10/18/21,Q4 '21,74,Renewal,Infrastructure ,"30,593.88",,,,,,
Yes,10/11/21,10/7/21,Q4 '21,0,Connector,Analytics,"2,904.18",,,,,,
Yes,10/27/21,9/30/21,Q3 '21,0,CRM,Platform,"19,602.00",,,,,,
Yes,10/11/21,9/27/21,Q3 '21,0,Consulting Services,Support,"30,600.00",,,,,,
Yes,9/23/21,9/27/21,Q3 '21,5,Connector,Commerce,"2,380.58",,,,,,
Yes,9/9/21,9/25/21,Q3 '21,15,Connector,Commerce,80.99,,,,,,
Yes,8/24/21,9/24/21,Q3 '21,30,Renewal,Subscription Upgrade,"56,695.18",,,,,,
Yes,7/30/21,9/24/21,Q3 '21,55,Connector,Commerce,"2,639.16",,,,,,
Yes,9/20/21,9/22/21,Q3 '21,1,Connector,Commerce,"7,954.01",,,,,,
Yes,8/13/21,9/20/21,Q3 '21,37,Renewal,Retention,"63,545.28",,,,,,
Yes,8/20/21,9/16/21,Q3 '21,26,Renewal,Retention,"38,245.56",,,,,,
Yes,8/20/21,9/16/21,Q3 '21,27,Payroll,Accounting,"6,496.38",,,,,,
Yes,10/11/21,9/14/21,Q3 '21,0,CRM,Platform,"13,368.56",,,,,,
Team,8/16/21,9/14/21,Q3 '21,33,Database,Infrastructure ,"44,996.16",,,,,,
Yes,9/7/21,9/9/21,Q3 '21,1,CRM,Platform,"13,068.00",,,,,,
Yes,10/11/21,9/8/21,Q3 '21,0,CRM,Platform,"2,655.42",,,,,,
Yes,8/20/21,8/31/21,Q3 '21,10,Renewal,Retention,"5,327.48",,,,,,
Yes,7/23/21,8/31/21,Q3 '21,40,Renewal,Retention,"5,586.08",,,,,,
Yes,10/27/21,8/30/21,Q3 '21,0,Consulting Services,Support,"10,500.00",,,,,,
Yes,8/17/21,8/30/21,Q3 '21,12,Connector,Commerce,"5,978.16",,,,,,
Yes,8/18/21,8/27/21,Q3 '21,8,Connector,Commerce,699.84,,,,,,
Yes,8/18/21,8/27/21,Q3 '21,8,Connector,Commerce,"6,298.71",,,,,,
Yes,7/27/21,8/26/21,Q3 '21,30,Database,Infrastructure ,"2,400.00",,,,,,
Yes,1/29/21,8/26/21,Q3 '21,208,Sandbox,Infrastructure ,"3,052.80",,,,,,
Yes,8/10/21,8/25/21,Q3 '21,14,Renewal,Retention,"14,999.22",,,,,,
Yes,8/4/21,8/25/21,Q3 '21,22,Connector,Commerce,149.95,,,,,,
Yes,8/4/21,8/25/21,Q3 '21,22,Connector,Commerce,"2,999.04",,,,,,
Yes,8/19/21,8/23/21,Q3 '21,3,Connector,Commerce,"2,203.61",,,,,,
Yes,6/7/21,8/20/21,Q3 '21,73,Renewal,Retention,"45,668.70",,,,,,
Team,7/29/21,8/16/21,Q3 '21,18,Work Orders,Manufacturing,"3,953.36",,,,,,
Yes,8/20/21,8/13/21,Q3 '21,0,Renewal,Retention,"5,327.48",,,,,,
Yes,8/6/21,8/13/21,Q3 '21,6,Connector,Commerce,599.76,,,,,,
Yes,8/6/21,8/13/21,Q3 '21,6,Connector,Commerce,"5,998.08",,,,,,
Yes,8/13/21,8/13/21,Q3 '21,1,CRM,Platform,"6,361.74",,,,,,
Yes,6/21/21,8/12/21,Q3 '21,69,Renewal,Retention,"18,357.12",,,,,,
Yes,6/23/21,8/4/21,Q3 '21,61,Renewal,Retention,"9,635.70",,,,,,
Yes,8/11/21,8/4/21,Q3 '21,0,Connector,Commerce,"5,400.00",,,,,,
Yes,3/19/21,8/3/21,Q3 '21,139,Renewal,Retention,"15,898.80",,,,,,
Yes,7/21/21,7/30/21,Q3 '21,10,Connector,Commerce,"5,791.49",,,,,,
Yes,7/6/21,7/30/21,Q3 '21,23,Connector,Commerce,"7,998.00",,,,,,
Team,6/8/21,7/30/21,Q3 '21,51,Renewal,Retention,"21,305.33",,,,,,
Yes,7/29/21,7/29/21,Q3 '21,0,Consulting Services,Support,"55,506.00",,,,,,
Yes,6/22/21,7/29/21,Q3 '21,36,Database,Infrastructure ,"29,994.00",,,,,,
Yes,7/16/21,7/29/21,Q3 '21,14,Consulting Services,Support,"45,761.54",,,,,,
Yes,4/14/21,7/28/21,Q3 '21,105,Renewal,Retention,"3,154.76",,,,,,
Yes,7/6/21,7/27/21,Q3 '21,20,Connector,Commerce,"7,197.12",,,,,,
Yes,7/22/21,7/27/21,Q3 '21,5,Connector,Commerce,"1,829.65",,,,,,
Yes,7/22/21,7/27/21,Q3 '21,5,Connector,Commerce,"7,147.80",,,,,,
Yes,7/26/21,7/23/21,Q3 '21,0,Database,Infrastructure ,"65,265.36",,,,,,
Yes,4/7/21,7/8/21,Q3 '21,91,Fixed Assets,Accounting,553.48,,,,,,
Yes,4/16/21,6/30/21,Q2 '21,78,Renewal,Retention,"7,286.56",,,,,,
Yes,3/13/20,6/21/21,Q2 '21,464,CRM,Platform,"8,690.22",,,,,,
Yes,6/17/21,6/17/21,Q2 '21,0,CRM,Platform,"19,602.00",,,,,,
Yes,8/20/21,6/11/21,Q2 '21,0,CRM,Platform,"1,306.80",,,,,,
Yes,5/11/21,6/1/21,Q2 '21,24,Ecommerce ,Commerce,"6,881.06",,,,,,
Yes,5/28/21,5/28/21,Q2 '21,0,Renewal,Retention,"13,061.25",,,,,,
Team,2/10/21,5/28/21,Q2 '21,107,Renewal,Retention,"41,279.93",,,,,,
Yes,5/28/21,5/28/21,Q2 '21,0,CRM,Platform,"1,841.40",,,,,,
Yes,5/26/21,5/27/21,Q2 '21,0,Planning & Budgeting,Analytics,"39,960.00",,,,,,
Yes,2/25/21,5/27/21,Q2 '21,97,Payroll,Accounting,"12,972.84",,,,,,
Yes,5/6/21,5/27/21,Q2 '21,21,Consulting Services,Support,"2,800.00",,,,,,
Yes,5/11/21,5/21/21,Q2 '21,9,Integration ,Infrastructure ,"23,380.80",,,,,,
Yes,11/10/20,5/21/21,Q2 '21,192,Ecommerce ,Commerce,"16,667.52",,,,,,
Yes,5/28/21,5/7/21,Q2 '21,0,Sandbox,Infrastructure ,"13,170.60",,,,,,
Yes,4/2/21,5/7/21,Q2 '21,44,Renewal,Retention,"2,098.10",,,,,,
Yes,4/2/21,5/7/21,Q2 '21,44,Renewal,Retention,"1,282.14",,,,,,
Team,4/9/21,5/7/21,Q2 '21,27,Fixed Assets,Accounting,"21,251.70",,,,,,
Team,5/27/21,5/6/21,Q2 '21,0,Sandbox,Infrastructure ,"13,693.68",,,,,,
Yes,3/26/21,5/5/21,Q2 '21,40,Renewal,Retention,"40,789.07",,,,,,
Yes,5/27/21,5/4/21,Q2 '21,0,Sandbox,Infrastructure ,"15,643.68",,,,,,
Yes,5/27/21,5/3/21,Q2 '21,0,Sandbox,Infrastructure ,"1,316.64",,,,,,
Yes,3/26/21,4/29/21,Q2 '21,33,Consulting Services,Support,"40,800.00",,,,,,
Yes,3/16/21,4/29/21,Q2 '21,43,Renewal,Retention,"1,480.40",,,,,,
Team,3/25/21,4/28/21,Q2 '21,33,Renewal,Retention,"40,494.58",,,,,,
Yes,5/11/21,4/26/21,Q2 '21,0,Renewal,Retention,"27,375.08",,,,,,
Yes,3/19/21,4/23/21,Q2 '21,36,Renewal,Retention,"5,379.67",,,,,,
Yes,5/27/21,4/9/21,Q2 '21,0,CRM,Platform,"2,227.50",,,,,,
Team,4/9/21,4/9/21,Q2 '21,0,New Instance ,Platform,"127,829.27",,,,,,
Yes,5/27/21,4/6/21,Q2 '21,0,Consulting Services,Support,"8,640.00",,,,,,
Yes,3/31/21,3/31/21,Q1 '21,0,Renewal,Retention,"15,631.40",,,,,,
Yes,3/29/21,3/29/21,Q1 '21,0,Renewal,Retention,"30,380.76",,,,,,
Yes,2/8/21,3/29/21,Q1 '21,48,Renewal,Retention,"3,575.14",,,,,,
Yes,3/25/21,3/24/21,Q1 '21,0,CRM,Platform,589.25,,,,,,
Yes,3/25/21,3/23/21,Q1 '21,0,CRM,Platform,"5,880.60",,,,,,
Yes,3/5/21,3/22/21,Q1 '21,17,Fixed Assets,Accounting,"4,920.42",,,,,,
Yes,3/11/21,3/11/21,Q1 '21,0,Database,Infrastructure ,"34,341.99",,,,,,
Yes,2/10/21,3/10/21,Q1 '21,41,Renewal,Retention,"22,780.80",,,,,,
Yes,3/2/21,2/27/21,Q1 '21,0,Renewal,Retention,"24,011.67",,,,,,
Yes,3/25/21,2/26/21,Q1 '21,0,Renewal,Retention,"16,720.27",,,,,,
Yes,2/9/21,2/26/21,Q1 '21,20,WMS,Platform,"65,598.75",,,,,,
Yes,11/10/20,2/26/21,Q1 '21,112,OneWorld,Accounting,"18,123.68",,,,,,
Yes,1/29/21,2/26/21,Q1 '21,27,Database,Infrastructure ,"36,401.05",,,,,,
Yes,11/10/20,2/24/21,Q1 '21,105,Renewal,Retention,"4,701.82",,,,,,
Yes,5/28/21,2/22/21,Q1 '21,0,CRM,Platform,"1,829.52",,,,,,
Yes,2/1/21,2/11/21,Q1 '21,12,Email Marketing,Commerce,"4,990.00",,,,,,
Yes,2/5/21,2/9/21,Q1 '21,4,WMS,Platform,"24,920.28",,,,,,
Yes,1/29/21,2/6/21,Q1 '21,7,Renewal,Retention,"9,287.58",,,,,,
Yes,1/8/21,2/4/21,Q1 '21,28,Email Marketing,Commerce,955.68,,,,,,
Yes,12/11/20,1/29/21,Q1 '21,50,Consulting Services,Support,"23,931.71",,,,,,
Yes,2/2/21,1/28/21,Q1 '21,0,Sandbox,Infrastructure ,"53,000.85",,,,,,
Yes,5/28/21,1/12/21,Q1 '21,0,Consulting Services,Support,"10,000.00",,,,,,
Yes,1/5/21,1/5/21,Q1 '21,0,Ecommerce ,Commerce,"4,590.45",,,,,,
Yes,3/25/21,12/31/20,Q4 '20,0,CRM,Platform,"2,613.60",,,,,,
Yes,12/22/20,12/30/20,Q4 '20,7,Renewal,Retention,"38,124.24",,,,,,
Yes,10/19/20,12/23/20,Q4 '20,78,Consulting Services,Support,"39,425.97",,,,,,
Yes,12/9/20,12/22/20,Q4 '20,13,Email Marketing,Commerce,"5,000.16",,,,,,
Yes,8/14/20,12/18/20,Q4 '20,125,OneWorld,Accounting,"34,531.27",,,,,,
Yes,11/13/20,12/16/20,Q4 '20,33,Email Marketing,Commerce,"6,807.39",,,,,,
Yes,12/7/20,12/16/20,Q4 '20,12,Email Marketing,Commerce,"8,856.10",,,,,,
Yes,12/9/20,12/14/20,Q4 '20,4,Renewal,Retention,"77,360.80",,,,,,
Yes,5/28/21,12/11/20,Q4 '20,0,CRM,Platform,"3,920.40",,,,,,
Yes,9/3/20,12/10/20,Q4 '20,99,Integration ,Infrastructure ,"24,434.98",,,,,,
Yes,10/9/20,11/30/20,Q4 '20,54,Ecommerce ,Commerce,"18,927.13",,,,,,
Yes,11/2/20,11/30/20,Q4 '20,34,Renewal,Retention,"38,310.88",,,,,,
Yes,1/19/21,11/25/20,Q4 '20,0,New Instance ,Platform,"51,666.67",,,,,,
Yes,12/1/20,11/25/20,Q4 '20,0,OneWorld,Accounting,"30,000.00",,,,,,
Yes,11/24/20,11/25/20,Q4 '20,0,Integration ,Infrastructure ,"17,127.47",,,,,,
Yes,10/30/20,11/19/20,Q4 '20,19,Integration ,Infrastructure ,"10,554.72",,,,,,
Yes,8/12/20,11/18/20,Q4 '20,98,Demand Planning,Analytics,"5,930.10",,,,,,
Yes,11/5/20,11/13/20,Q4 '20,8,Database,Infrastructure ,"50,989.80",,,,,,
Yes,10/7/20,11/13/20,Q4 '20,38,Renewal,Retention,"139,923.28",,,,,,
Yes,10/15/20,11/10/20,Q4 '20,25,Database,Infrastructure ,"29,994.00",,,,,,
Yes,7/7/20,10/30/20,Q4 '20,115,Renewal,Retention,"10,193.55",,,,,,
Yes,10/8/20,10/19/20,Q4 '20,16,Renewal,Retention,"13,810.76",,,,,,
Yes,5/22/20,9/30/20,Q3 '20,131,Database,Infrastructure ,"42,859.05",,,,,,
Yes,9/25/20,9/30/20,Q3 '20,4,CRM,Platform,"53,513.64",,,,,,
Yes,9/15/20,9/30/20,Q3 '20,14,OneWorld,Accounting,"10,546.80",,,,,,
Yes,3/11/20,9/30/20,Q3 '20,202,Database,Infrastructure ,"150,000.00",,,,,,
Yes,8/18/20,9/28/20,Q3 '20,47,Ecommerce ,Commerce,"52,789.44",,,,,,
Yes,9/25/20,9/21/20,Q3 '20,0,Consulting Services,Support,"16,500.00",,,,,,
Yes,8/3/20,9/14/20,Q3 '20,46,Renewal,Retention,"17,443.98",,,,,,
Yes,8/20/20,9/3/20,Q3 '20,14,OneWorld,Accounting,"22,265.23",,,,,,
Yes,8/28/20,8/31/20,Q3 '20,2,Renewal,Retention,"49,972.29",,,,,,
Yes,7/28/20,8/31/20,Q3 '20,33,Renewal,Retention,"43,803.64",,,,,,
Yes,3/30/20,8/31/20,Q3 '20,153,OneWorld,Accounting,"34,531.86",,,,,,
Yes,8/5/20,8/31/20,Q3 '20,27,Renewal,Retention,"22,605.78",,,,,,
Yes,8/25/20,8/31/20,Q3 '20,5,Connector,Analytics,"5,389.20",,,,,,
Yes,8/12/20,8/31/20,Q3 '20,20,OneWorld,Accounting,"14,553.76",,,,,,
Yes,8/28/20,8/27/20,Q3 '20,0,POS,Commerce,"97,542.36",,,,,,
Yes,8/24/20,8/26/20,Q3 '20,4,Consulting Services,Support,"43,296.00",,,,,,
Yes,8/10/20,8/12/20,Q3 '20,1,Dunning Collections,Accounting,"6,531.02",,,,,,
Yes,6/25/20,8/7/20,Q3 '20,43,Payments,Accounting,"6,586.79",,,,,,
Yes,8/13/20,7/31/20,Q3 '20,0,Consulting Services,Support,"14,400.00",,,,,,
Yes,8/12/20,7/29/20,Q3 '20,0,Connector,Analytics,"3,293.40",,,,,,
Yes,7/7/20,7/29/20,Q3 '20,21,Renewal,Retention,"2,278.29",,,,,,
Yes,7/9/20,7/29/20,Q3 '20,19,Database,Infrastructure ,"37,961.61",,,,,,
Yes,7/14/20,7/14/20,Q3 '20,0,CRM,Platform,"2,613.60",,,,,,
Team,6/19/20,6/30/20,Q2 '20,11,Work Orders,Manufacturing,"4,312.80",,,,,,
Yes,6/11/20,6/29/20,Q2 '20,24,Ecommerce ,Commerce,"30,593.90",,,,,,
Yes,5/19/20,5/28/20,Q2 '20,8,CRM,Platform,"10,819.20",,,,,,
Yes,5/27/20,5/26/20,Q2 '20,0,Renewal,Retention,"3,184.96",,,,,,
Team,1/21/20,5/21/20,Q2 '20,134,Consulting Services,Support,"14,400.00",,,,,,
Yes,4/29/20,5/20/20,Q2 '20,21,Ecommerce ,Commerce,"21,771.29",,,,,,
Yes,5/6/20,5/19/20,Q2 '20,12,CRM,Platform,24.5,,,,,,
Yes,5/4/20,4/29/20,Q2 '20,0,Renewal,Retention,611.28,,,,,,
Team,3/31/20,4/17/20,Q2 '20,20,Database,Infrastructure ,"230,468.82",,,,,,
Yes,4/17/20,4/17/20,Q2 '20,0,Renewal,Retention,"15,009.20",,,,,,
Yes,3/2/20,4/16/20,Q2 '20,44,Ecommerce ,Commerce,"2,510.81",,,,,,
Team,2/18/20,2/27/20,Q1 '20,14,Ecommerce ,Commerce,"10,328.55",,,,,,